{
	"initX":116.410162,
	"initY":39.935353,
	"initLevel":11,
	"photos":[]
}